model,train_loss,train_accuracy,val_loss,val_accuracy,test_loss,test_accuracy,fit_status
MobileNetV2 Transfer Learning + Fine-Tuning,0.012631758116185665,0.9964756369590759,0.02761853300035,0.9918397665023804,0.036174289882183075,0.9896142482757568,GOOD FIT
CNN From Scratch,0.0725325420498848,0.9752365350723267,0.0685686320066452,0.9747774600982666,0.08133723586797714,0.9725519418716431,GOOD FIT
